{
  "mean": 0.9999992746022542,
  "std": 4.943292666429188e-10,
  "gamma": 1.45,
  "cA_SH": 0.4,
  "alpha": 0.6,
  "tau": 0.3,
  "N": 300000,
  "iters": 20,
  "reps": 5
}